{"access_token": "ya29.GlwzBmeLPK6M5GKHrmqWH4ITjQeXkm3Q0np4CFPqI2P0KMVxrMt-OUhf38Z3SmO7DnSfMtb7rENt1Y5ibRzaiWjPbrYDNQR4Jsx3eYjc-nhZF2LGlEdkKoQ0MS-Ndw", "client_id": "1021706805309-bbh4g8b8srci6cc2mo2lpahdt27bbuol.apps.googleusercontent.com", "client_secret": "jWi0NVzb8SFcgRbyuBmJhPn-", "refresh_token": "1/PRCX-u5svPT6856Fdgdnm6pFWdCrDIeVrd9MeJdSBh0-c3NxjLW8OoJtH268OPVc", "token_expiry": "2018-10-11T12:42:26Z", "token_uri": "https://www.googleapis.com/oauth2/v3/token", "user_agent": null, "revoke_uri": "https://oauth2.googleapis.com/revoke", "id_token": null, "id_token_jwt": null, "token_response": {"access_token": "ya29.GlwzBmeLPK6M5GKHrmqWH4ITjQeXkm3Q0np4CFPqI2P0KMVxrMt-OUhf38Z3SmO7DnSfMtb7rENt1Y5ibRzaiWjPbrYDNQR4Jsx3eYjc-nhZF2LGlEdkKoQ0MS-Ndw", "expires_in": 3600, "scope": "https://www.googleapis.com/auth/activity", "token_type": "Bearer"}, "scopes": ["https://www.googleapis.com/auth/activity"], "token_info_uri": "https://oauth2.googleapis.com/tokeninfo", "invalid": false, "_class": "OAuth2Credentials", "_module": "oauth2client.client"}