{"access_token": "ya29.GlwzBjAYbFcYoj33CaC1r9vuzNW-m4GqqOZJGADBwY4KNHqOyncHXAysNBUB4unRhqQeZFbw2QHNNeXGWJAdhI-uYduMMB1735pDDZTHVXkguHGI4bXNxOZ3-lIWIA", "client_id": "1021706805309-bbh4g8b8srci6cc2mo2lpahdt27bbuol.apps.googleusercontent.com", "client_secret": "jWi0NVzb8SFcgRbyuBmJhPn-", "refresh_token": "1/2M5k7zmmMdyZU-oZbHuPGk6IMi77ANcLC55nB7v1u-0", "token_expiry": "2018-10-11T12:42:22Z", "token_uri": "https://www.googleapis.com/oauth2/v3/token", "user_agent": null, "revoke_uri": "https://oauth2.googleapis.com/revoke", "id_token": null, "id_token_jwt": null, "token_response": {"access_token": "ya29.GlwzBjAYbFcYoj33CaC1r9vuzNW-m4GqqOZJGADBwY4KNHqOyncHXAysNBUB4unRhqQeZFbw2QHNNeXGWJAdhI-uYduMMB1735pDDZTHVXkguHGI4bXNxOZ3-lIWIA", "expires_in": 3600, "scope": "https://www.googleapis.com/auth/drive.readonly", "token_type": "Bearer"}, "scopes": ["https://www.googleapis.com/auth/drive.readonly"], "token_info_uri": "https://oauth2.googleapis.com/tokeninfo", "invalid": false, "_class": "OAuth2Credentials", "_module": "oauth2client.client"}